,California,July,Schools,Woman,do,"fall,",flight,floats,governor,idea,if,in,masks,might,not,of,on,packed,passengers,president,recover,reopen,restarting,says,school,the,they,university,wearing,were,where
0,0.12206803207423442,0.12206803207423442,0.0,0.0,0.0,0.0,0.0,0.12206803207423442,0.12206803207423442,0.12206803207423442,0.0,0.04505167867868493,0.0,0.0,0.0,0.12206803207423442,0.0,0.0,0.0,0.0,0.0,0.0,0.12206803207423442,0.0,0.12206803207423442,0.0,0.0,0.0,0.0,0.0,0.0
1,0.0,0.0,0.0,0.10986122886681099,0.0,0.0,0.10986122886681099,0.0,0.0,0.0,0.0,0.0,0.10986122886681099,0.0,0.04054651081081644,0.0,0.10986122886681099,0.10986122886681099,0.10986122886681099,0.0,0.0,0.0,0.0,0.0,0.0,0.0,0.0,0.0,0.10986122886681099,0.10986122886681099,0.10986122886681099
2,0.0,0.0,0.07324081924454065,0.0,0.07324081924454065,0.07324081924454065,0.0,0.0,0.0,0.0,0.07324081924454065,0.02703100720721096,0.0,0.07324081924454065,0.05406201441442192,0.0,0.0,0.0,0.0,0.07324081924454065,0.07324081924454065,0.07324081924454065,0.0,0.07324081924454065,0.0,0.07324081924454065,0.07324081924454065,0.07324081924454065,0.0,0.0,0.0
