,eat[spoon[metallic]],eat[spoon[with]],eat[spoon[wooden]],"effect[little,markets]",effect[markets[financial]],effect[markets[on]],have[effect[little]],have[effect[markets]],"have[news,effect]",have[news[Economic]],"markets[on,financial]","spoon[with,metallic]","spoon[with,wooden]"
0,0.0,0.0,0.0,0.13732653608351372,0.13732653608351372,0.13732653608351372,0.13732653608351372,0.13732653608351372,0.13732653608351372,0.13732653608351372,0.13732653608351372,0.0,0.0
1,0.0,0.13515503603605478,0.3662040962227032,0.0,0.0,0.0,0.0,0.0,0.0,0.0,0.0,0.0,0.3662040962227032
2,0.3662040962227032,0.13515503603605478,0.0,0.0,0.0,0.0,0.0,0.0,0.0,0.0,0.0,0.3662040962227032,0.0
